date, pm25, pm10
2025/11/1, 75, 
2025/11/2, 65, 
2025/11/3, 59, 
2025/11/4, 106, 
2025/11/5, 59, 
2025/11/6, 59, 
2025/11/7, 59, 
2025/11/8, 36, 
2025/11/9, 23, 
2025/11/10, 12, 
2025/11/11, 32, 
2025/11/12, 50, 
2025/11/13, 30, 
2025/11/14, 40, 
2025/11/15, 63, 
2025/11/16, 64, 
2025/11/17, 52, 
2025/10/1, 96, 
2025/10/2, 92, 
2025/10/3, 80, 
2025/10/4, 85, 
2025/10/5, 163, 
2025/10/6, 101, 
2025/10/7, 111, 
2025/10/8, 93, 
2025/10/9, 77, 
2025/10/10, 91, 
2025/10/11, 69, 
2025/10/12, 90, 
2025/10/13, 66, 
2025/10/14, 59, 
2025/10/15, 70, 
2025/10/16, 55, 
2025/10/17, 142, 
2025/10/18, 72, 
2025/10/19, 72, 
2025/10/20, 61, 
2025/10/21, 139, 
2025/10/22, 88, 
2025/10/23, 55, 
2025/10/24, 93, 
2025/10/25, 57, 
2025/10/26, 95, 
2025/10/27, 40, 
2025/10/28, 86, 
2025/10/29, 88, 
2025/10/30, 122, 
2025/10/31, 102, 
2025/7/1, 57, 
2025/7/2, 92, 
2025/7/3, 99, 
2025/7/4, 107, 
2025/7/5, 100, 
2025/7/6, 65, 
2025/7/7, 80, 
2025/7/8, 77, 
2025/7/9, 99, 
2025/7/10, 104, 
2025/7/11, 129, 
2025/7/12, 157, 
2025/7/13, 123, 
2025/7/14, 133, 
2025/7/15, 119, 
2025/7/16, 142, 
2025/7/17, 124, 
2025/7/18, 116, 
2025/7/19, 137, 
2025/7/20, 125, 
2025/7/21, 121, 
2025/7/22, 135, 
2025/7/23, 122, 
2025/7/24, 139, 
2025/7/25, 144, 
2025/7/26, 139, 
2025/7/27, 143, 
2025/7/28, 125, 
2025/7/29, 99, 
2025/7/30, 90, 
2025/7/31, 87, 
2025/8/1, 109, 
2025/8/2, 118, 
2025/8/3, 115, 
2025/8/4, 98, 
2025/8/5, 120, 
2025/8/6, 116, 
2025/8/7, 119, 
2025/8/8, 114, 
2025/8/9, 78, 
2025/8/10, 118, 
2025/8/11, 128, 
2025/8/12, 131, 
2025/8/13, 124, 
2025/8/14, 109, 
2025/8/15, 104, 
2025/8/16, 131, 
2025/8/17, 115, 
2025/8/18, 91, 
2025/8/19, 115, 
2025/8/20, 113, 
2025/8/21, 125, 
2025/8/22, 95, 
2025/8/23, 106, 
2025/8/24, 114, 
2025/8/25, 137, 
2025/8/26, 134, 
2025/8/27, 84, 
2025/8/28, 87, 
2025/8/29, 62, 
2025/8/30, 76, 
2025/8/31, 94, 
2025/9/1, 93, 
2025/9/2, 92, 
2025/9/3, 91, 
2025/9/4, 89, 
2025/9/5, 121, 
2025/9/6, 153, 
2025/9/7, 101, 
2025/9/8, 106, 
2025/9/9, 109, 
2025/9/10, 98, 
2025/9/11, 82, 
2025/9/12, 78, 
2025/9/13, 89, 
2025/9/14, 98, 
2025/9/15, 106, 
2025/9/16, 154, 
2025/9/17, 152, 
2025/9/18, 110, 
2025/9/19, 140, 
2025/9/20, 137, 
2025/9/21, 155, 
2025/9/22, 93, 
2025/9/23, 57, 
2025/9/24, 157, 
2025/9/25, 159, 
2025/9/26, 93, 
2025/9/27, 114, 
2025/9/28, 82, 
2025/9/29, 109, 
2025/9/30, 147, 
2025/4/1, 40, 
2025/4/2, 30, 
2025/4/3, 59, 
2025/4/4, 60, 
2025/4/5, 85, 
2025/4/6, 86, 
2025/4/7, 73, 
2025/4/8, 78, 
2025/4/9, 103, 
2025/4/10, 98, 
2025/4/11, 131, 
2025/4/12, 97, 
2025/4/13, 84, 
2025/4/14, 43, 
2025/4/15, 64, 
2025/4/16, 112, 
2025/4/17, 102, 
2025/4/18, 90, 
2025/4/19, 25, 
2025/4/20, 54, 
2025/4/21, 73, 
2025/4/22, 90, 
2025/4/23, 66, 
2025/4/24, 49, 
2025/4/25, 84, 
2025/4/26, 108, 
2025/4/27, 103, 
2025/4/28, 79, 
2025/4/29, 94, 
2025/4/30, 109, 
2025/5/1, 125, 
2025/5/2, 109, 
2025/5/3, 112, 
2025/5/4, 103, 
2025/5/5, 113, 
2025/5/6, 117, 
2025/5/7, 108, 
2025/5/8, 123, 
2025/5/9, 104, 
2025/5/10, 137, 
2025/5/11, 106, 
2025/5/12, 59, 
2025/5/13, 70, 
2025/5/14, 105, 
2025/5/15, 85, 
2025/5/16, 119, 
2025/5/17, 115, 
2025/5/18, 121, 
2025/5/19, 117, 
2025/5/20, 113, 
2025/5/21, 117, 
2025/5/22, 78, 
2025/5/23, 69, 
2025/5/24, 65, 
2025/5/25, 105, 
2025/5/26, 77, 
2025/5/27, 48, 
2025/5/28, 132, 
2025/5/29, 113, 
2025/5/30, 106, 
2025/5/31, 138, 
2025/6/1, 121, 
2025/6/2, 123, 
2025/6/3, 108, 
2025/6/4, 141, 
2025/6/5, 143, 
2025/6/6, 105, 
2025/6/7, 156, 
2025/6/8, 128, 
2025/6/9, 129, 
2025/6/10, 103, 
2025/6/11, 117, 
2025/6/12, 126, 
2025/6/13, 131, 
2025/6/14, 105, 
2025/6/15, 99, 
2025/6/16, 100, 
2025/6/17, 72, 
2025/6/18, 65, 
2025/6/19, 102, 
2025/6/20, 107, 
2025/6/21, 95, 
2025/6/22, 134, 
2025/6/23, 98, 
2025/6/24, 118, 
2025/6/25, 157, 
2025/6/26, 129, 
2025/6/27, 123, 
2025/6/28, 128, 
2025/6/29, 120, 
2025/6/30, 101, 
2025/1/1, 69, 
2025/1/2, 68, 
2025/1/3, 82, 
2025/1/4, 69, 
2025/1/5, 79, 
2025/1/6, 105, 
2025/1/7, 74, 
2025/1/8, 57, 
2025/1/9, 55, 
2025/1/10, 114, 
2025/1/11, 109, 
2025/1/12, 68, 
2025/1/13, 72, 
2025/1/14, 64, 
2025/1/15, 86, 
2025/1/16, 79, 
2025/1/17, 73, 
2025/1/18, 45, 
2025/1/19, 76, 
2025/1/20, 60, 
2025/1/21, 86, 
2025/1/22, 85, 
2025/1/23, 83, 
2025/1/24, 107, 
2025/1/25, 93, 
2025/1/26, 74, 
2025/1/27, 70, 
2025/1/28, 68, 
2025/1/29, 49, 
2025/1/30, 78, 
2025/1/31, 101, 
2025/2/1, 94, 
2025/2/2, 90, 
2025/2/3, 90, 
2025/2/4, 127, 
2025/2/5, 95, 
2025/2/6, 86, 
2025/2/7, 96, 
2025/2/8, 74, 
2025/2/9, 68, 
2025/2/10, 74, 
2025/2/11, 91, 
2025/2/12, 144, 
2025/2/13, 124, 
2025/2/14, 97, 
2025/2/15, 75, 
2025/2/16, 91, 
2025/2/17, 87, 
2025/2/18, 121, 
2025/2/19, 82, 
2025/2/20, 76, 
2025/2/21, 127, 
2025/2/22, 96, 
2025/2/23, 91, 
2025/2/24, 77, 
2025/2/25, 113, 
2025/2/26, 109, 
2025/2/27, 125, 
2025/2/28, 81, 
2025/3/1, 93, 
2025/3/2, 98, 
2025/3/3, 87, 
2025/3/4, 75, 
2025/3/5, 108, 
2025/3/6, 115, 
2025/3/7, 58, 
2025/3/8, 110, 
2025/3/9, 99, 
2025/3/10, 134, 
2025/3/11, 79, 
2025/3/12, 70, 
2025/3/13, 82, 
2025/3/14, 53, 
2025/3/15, 43, 
2025/3/16, 36, 
2025/3/17, 51, 
2025/3/18, 46, 
2025/3/19, 58, 
2025/3/20, 57, 
2025/3/21, 45, 
2025/3/22, 74, 
2025/3/23, 55, 
2025/3/24, 53, 
2025/3/25, 39, 
2025/3/26, 110, 
2025/3/27, 90, 
2025/3/28, 30, 
2025/3/29, 13, 
2025/3/30, 44, 
2025/3/31, 34, 
2024/10/1, 160, 55
2024/10/2, 152, 61
2024/10/3, 155, 57
2024/10/4, 151, 57
2024/10/5, 146, 50
2024/10/6, 142, 65
2024/10/7, 158, 54
2024/10/8, 150, 54
2024/10/9, 150, 61
2024/10/10, 158, 55
2024/10/11, 151, 58
2024/10/12, 149, 58
2024/10/13, 143, 59
2024/10/14, 154, 55
2024/10/15, 143, 63
2024/10/16, 162, 42
2024/10/17, 129, 
2024/10/18, 147, 
2024/10/19, 153, 
2024/10/20, 110, 
2024/10/21, 143, 
2024/10/22, 160, 
2024/10/23, 144, 44
2024/10/24, 113, 48
2024/10/25, 133, 50
2024/10/26, 139, 51
2024/10/27, 140, 56
2024/10/28, 149, 53
2024/10/29, 142, 60
2024/10/30, 158, 57
2024/10/31, 147, 62
2024/11/1, 161, 49
2024/11/2, 132, 47
2024/11/3, 126, 40
2024/11/4, 103, 42
2024/11/5, 116, 42
2024/11/6, 111, 58
2024/11/7, 154, 56
2024/11/8, 151, 64
2024/11/9, 156, 48
2024/11/10, 135, 56
2024/11/11, 123, 
2024/11/12, 109, 51
2024/11/13, 128, 63
2024/11/14, 161, 70
2024/11/15, 164, 
2024/11/16, 166, 
2024/11/17, 163, 
2024/11/18, 105, 
2024/11/19, 121, 
2024/11/20, 120, 
2024/11/21, 114, 
2024/11/22, 66, 
2024/11/23, 82, 
2024/11/24, 73, 
2024/11/25, 82, 
2024/11/26, 118, 
2024/11/27, 82, 
2024/11/28, 75, 
2024/11/29, 57, 
2024/11/30, 63, 
2024/12/1, 56, 
2024/12/2, 52, 
2024/12/3, 19, 
2024/12/4, 50, 
2024/12/5, 68, 
2024/12/6, 86, 
2024/12/7, 135, 
2024/12/8, 93, 
2024/12/9, 93, 
2024/12/16, 65, 
2024/12/17, 70, 
2024/12/18, 52, 
2024/12/19, 69, 
2024/12/20, 85, 
2024/12/21, 73, 
2024/12/22, 82, 
2024/12/23, 93, 
2024/12/24, 81, 
2024/12/25, 93, 
2024/12/26, 80, 
2024/12/27, 123, 
2024/12/28, 97, 
2024/12/29, 94, 
2024/7/1, 139, 
2024/7/2, 128, 
2024/7/3, 152, 
2024/7/4, 167, 
2024/7/5, 130, 
2024/7/6, 71, 
2024/7/7, 75, 
2024/7/8, 111, 
2024/7/9, 129, 
2024/7/10, 155, 
2024/7/11, 167, 
2024/7/12, 158, 
2024/7/13, 176, 
2024/7/14, 159, 
2024/7/15, 163, 
2024/7/16, 159, 
2024/7/17, 162, 
2024/7/18, 158, 
2024/7/19, 157, 
2024/7/20, 164, 
2024/7/21, 148, 
2024/7/22, 187, 
2024/7/23, 160, 
2024/7/24, 185, 
2024/7/25, 144, 
2024/7/26, 169, 
2024/7/27, 163, 
2024/7/28, 166, 
2024/7/29, 159, 
2024/7/30, 176, 
2024/7/31, 175, 
2024/8/1, 166, 
2024/8/2, 122, 
2024/8/3, 125, 
2024/8/4, 142, 
2024/8/5, 140, 
2024/8/6, 148, 
2024/8/7, 157, 
2024/8/8, 162, 
2024/8/9, 161, 
2024/8/10, 147, 
2024/8/11, 140, 
2024/8/12, 150, 
2024/8/13, 175, 
2024/8/14, 166, 
2024/8/15, 156, 65
2024/8/16, 162, 55
2024/8/18, 149, 58
2024/8/19, 154, 62
2024/8/20, 158, 63
2024/8/21, 160, 56
2024/8/22, 150, 54
2024/8/23, 146, 68
2024/8/24, 167, 53
2024/8/26, 149, 75
2024/8/27, 171, 57
2024/8/28, 157, 71
2024/8/29, 166, 57
2024/8/30, 147, 54
2024/8/31, 140, 54
2024/9/1, 141, 45
2024/9/2, 135, 60
2024/9/3, 153, 50
2024/9/4, 131, 48
2024/9/5, 133, 53
2024/9/6, 143, 51
2024/9/7, 140, 48
2024/9/8, 135, 41
2024/9/9, 116, 47
2024/9/10, 125, 45
2024/9/11, 116, 56
2024/9/12, 153, 42
2024/9/13, 113, 55
2024/9/14, 151, 50
2024/9/15, 137, 74
2024/9/16, 149, 47
2024/9/17, 138, 51
2024/9/18, 145, 54
2024/9/19, 146, 55
2024/9/20, 149, 68
2024/9/21, 162, 
2024/9/22, 157, 
2024/9/23, 146, 
2024/9/24, 139, 
2024/9/25, 139, 53
2024/9/26, 142, 50
2024/9/27, 132, 52
2024/9/28, 141, 55
2024/9/29, 145, 45
2024/9/30, 127, 60
2024/4/1, 124, 
2024/4/2, 116, 63
2024/4/3, 106, 48
2024/4/4, 100, 61
2024/4/5, 128, 46
2024/4/6, 101, 49
2024/4/7, 110, 36
2024/4/8, 71, 40
2024/4/9, 86, 52
2024/4/10, 111, 32
2024/4/11, 64, 31
2024/4/12, 51, 36
2024/4/13, 76, 23
2024/4/14, 49, 27
2024/4/15, 52, 40
2024/4/16, 85, 
2024/4/18, 99, 59
2024/4/19, 91, 51
2024/4/20, 105, 28
2024/4/21, 53, 43
2024/4/22, 80, 84
2024/4/23, 101, 54
2024/4/24, 112, 46
2024/4/25, 92, 44
2024/4/26, 78, 47
2024/4/27, 93, 44
2024/4/28, 93, 44
2024/4/29, 83, 50
2024/4/30, 89, 47
2024/5/1, 91, 
2024/5/2, 108, 
2024/5/3, 122, 
2024/5/4, 115, 
2024/5/5, 122, 56
2024/5/6, 118, 60
2024/5/7, 118, 58
2024/5/8, 118, 65
2024/5/9, 131, 58
2024/5/10, 117, 55
2024/5/11, 109, 54
2024/5/12, 112, 52
2024/5/13, 102, 60
2024/5/14, 123, 58
2024/5/15, 122, 70
2024/5/16, 155, 60
2024/5/17, 132, 64
2024/5/18, 138, 58
2024/5/19, 133, 64
2024/5/20, 138, 69
2024/5/21, 151, 64
2024/5/22, 139, 49
2024/5/23, 112, 47
2024/5/24, 102, 36
2024/5/25, 84, 59
2024/5/26, 133, 100
2024/5/27, 128, 65
2024/5/28, 137, 60
2024/5/29, 127, 61
2024/5/30, 136, 65
2024/5/31, 144, 71
2024/6/1, 148, 59
2024/6/3, 73, 57
2024/6/4, 124, 
2024/6/5, 123, 
2024/6/6, 116, 
2024/6/7, 114, 
2024/6/8, 128, 
2024/6/9, 140, 52
2024/6/10, 106, 57
2024/6/11, 126, 50
2024/6/12, 111, 49
2024/6/13, 105, 44
2024/6/14, 114, 55
2024/6/15, 140, 33
2024/6/16, 91, 51
2024/6/17, 138, 66
2024/6/18, 166, 66
2024/6/19, 160, 59
2024/6/20, 161, 63
2024/6/21, 163, 65
2024/6/22, 164, 57
2024/6/23, 148, 60
2024/6/24, 156, 53
2024/6/25, 137, 53
2024/6/26, 138, 52
2024/6/27, 134, 65
2024/6/28, 125, 
2024/6/29, 131, 
2024/6/30, 103, 
2024/1/1, 100, 35
2024/1/2, 74, 39
2024/1/3, 88, 32
2024/1/4, 59, 28
2024/1/5, 62, 41
2024/1/6, 92, 42
2024/1/7, 99, 28
2024/1/8, 61, 50
2024/1/9, 86, 
2024/1/10, 95, 
2024/1/11, 55, 
2024/1/12, 52, 
2024/1/13, 63, 
2024/1/14, 60, 
2024/1/15, 76, 
2024/1/16, 49, 
2024/1/17, 68, 
2024/1/18, 53, 
2024/1/19, 36, 
2024/1/20, 40, 
2024/1/21, 48, 
2024/1/22, 43, 
2024/1/23, 44, 
2024/1/24, 44, 
2024/1/25, 69, 
2024/1/26, 77, 
2024/1/27, 50, 
2024/1/28, 71, 
2024/1/29, 59, 
2024/1/30, 78, 
2024/1/31, 60, 
2024/2/1, 73, 
2024/2/2, 81, 
2024/2/3, 53, 
2024/2/4, 48, 
2024/2/5, 73, 
2024/2/6, 67, 
2024/2/7, 77, 
2024/2/8, 60, 
2024/2/9, 111, 
2024/2/10, 65, 
2024/2/11, 55, 
2024/2/12, 66, 
2024/2/13, 52, 
2024/2/14, 47, 
2024/2/15, 69, 
2024/2/16, 85, 
2024/2/17, 49, 
2024/2/18, 57, 
2024/2/19, 82, 
2024/2/20, 77, 
2024/2/21, 122, 
2024/2/22, 85, 
2024/2/23, 66, 
2024/2/24, 51, 
2024/2/25, 47, 25
2024/2/26, 41, 52
2024/2/27, 88, 30
2024/2/28, 66, 54
2024/2/29, 56, 
2024/3/1, 70, 
2024/3/2, 69, 
2024/3/3, 52, 61
2024/3/4, 63, 29
2024/3/5, 41, 
2024/3/6, 40, 
2024/3/7, 34, 28
2024/3/8, 39, 41
2024/3/9, 67, 50
2024/3/10, 94, 36
2024/3/11, 53, 33
2024/3/12, 77, 
2024/3/13, 67, 
2024/3/14, 69, 32
2024/3/15, 49, 
2024/3/16, 36, 
2024/3/17, 38, 
2024/3/18, 50, 
2024/3/19, 36, 
2024/3/20, 41, 
2024/3/21, 56, 
2024/3/22, 44, 
2024/3/25, 62, 
2024/3/26, 114, 
2024/3/27, 90, 
2024/3/28, 142, 
2024/3/29, 118, 
2024/3/30, 104, 
2024/3/31, 116, 
2023/10/1, 126, 65
2023/10/2, 138, 51
2023/10/3, 100, 61
2023/10/4, 126, 55
2023/10/5, 118, 58
2023/10/6, 128, 68
2023/10/7, 145, 56
2023/10/8, 121, 56
2023/10/9, 111, 52
2023/10/10, 105, 47
2023/10/11, 102, 59
2023/10/12, 130, 59
2023/10/13, 131, 51
2023/10/14, 120, 52
2023/10/15, 113, 56
2023/10/16, 128, 54
2023/10/17, 113, 62
2023/10/18, 135, 55
2023/10/19, 110, 59
2023/10/20, 119, 51
2023/10/21, 114, 55
2023/10/22, 120, 51
2023/10/23, 115, 63
2023/10/24, 134, 57
2023/10/25, 127, 69
2023/10/26, 150, 67
2023/10/27, 138, 65
2023/10/28, 134, 66
2023/10/29, 136, 58
2023/10/30, 124, 63
2023/10/31, 133, 61
2023/11/1, 114, 60
2023/11/2, 131, 60
2023/11/3, 135, 63
2023/11/4, 129, 45
2023/11/5, 91, 49
2023/11/6, 103, 52
2023/11/7, 110, 61
2023/11/8, 112, 66
2023/11/9, 139, 
2023/11/10, 136, 58
2023/11/11, 131, 52
2023/11/12, 110, 59
2023/11/13, 123, 50
2023/11/14, 101, 47
2023/11/15, 90, 51
2023/11/16, 107, 47
2023/11/17, 99, 50
2023/11/18, 103, 50
2023/11/19, 103, 44
2023/11/20, 89, 55
2023/11/21, 110, 40
2023/11/22, 82, 59
2023/11/23, 121, 60
2023/11/24, 130, 39
2023/11/25, 92, 52
2023/11/26, 104, 43
2023/11/27, 84, 53
2023/11/28, 104, 35
2023/11/29, 48, 
2023/11/30, 95, 
2023/12/1, 99, 
2023/12/2, 113, 
2023/12/3, 67, 
2023/12/4, 98, 59
2023/12/5, 116, 48
2023/12/6, 101, 53
2023/12/7, 107, 51
2023/12/8, 103, 52
2023/12/9, 107, 56
2023/12/10, 111, 53
2023/12/11, 106, 53
2023/12/12, 101, 53
2023/12/13, 96, 
2023/12/14, 106, 
2023/12/15, 89, 
2023/12/16, 100, 
2023/12/17, 86, 51
2023/12/18, 88, 46
2023/12/19, 79, 43
2023/12/20, 73, 47
2023/12/21, 76, 43
2023/12/22, 78, 57
2023/12/23, 116, 64
2023/12/24, 129, 45
2023/12/25, 106, 48
2023/12/26, 111, 50
2023/12/27, 115, 48
2023/12/28, 108, 55
2023/12/29, 124, 48
2023/12/30, 108, 46
2023/12/31, 103, 56
2023/7/1, 127, 
2023/7/2, 115, 
2023/7/3, 129, 
2023/7/4, 116, 
2023/7/5, 143, 
2023/7/6, 142, 
2023/7/7, 136, 
2023/7/8, 106, 
2023/7/9, 100, 
2023/7/10, 109, 
2023/7/11, 107, 
2023/7/12, 150, 
2023/7/13, 143, 
2023/7/14, 130, 
2023/7/15, 110, 63
2023/7/16, 122, 
2023/7/17, 117, 
2023/7/18, 143, 
2023/7/19, 126, 
2023/7/20, 105, 
2023/7/21, 141, 
2023/7/22, 134, 
2023/7/23, 126, 
2023/7/24, 113, 
2023/7/25, 156, 
2023/7/26, 126, 
2023/7/27, 148, 
2023/7/28, 139, 
2023/7/29, 145, 
2023/7/30, 135, 
2023/7/31, 132, 102
2023/8/1, 102, 55
2023/8/2, 130, 65
2023/8/3, 135, 68
2023/8/4, 136, 60
2023/8/5, 125, 88
2023/8/6, 142, 81
2023/8/7, 159, 69
2023/8/8, 157, 66
2023/8/9, 151, 67
2023/8/10, 156, 69
2023/8/11, 159, 60
2023/8/12, 136, 57
2023/8/13, 131, 92
2023/8/14, 152, 73
2023/8/15, 155, 66
2023/8/16, 152, 64
2023/8/17, 124, 56
2023/8/18, 120, 
2023/8/19, 131, 
2023/8/20, 140, 61
2023/8/21, 141, 66
2023/8/22, 156, 83
2023/8/23, 162, 69
2023/8/24, 132, 65
2023/8/25, 130, 77
2023/8/26, 102, 79
2023/8/27, 136, 77
2023/8/28, 119, 82
2023/8/29, 131, 72
2023/8/30, 136, 68
2023/8/31, 150, 69
2023/9/1, 153, 68
2023/9/2, 139, 62
2023/9/3, 126, 58
2023/9/4, 115, 67
2023/9/5, 129, 63
2023/9/6, 129, 63
2023/9/7, 127, 67
2023/9/8, 132, 61
2023/9/9, 122, 57
2023/9/10, 125, 58
2023/9/11, 113, 55
2023/9/12, 109, 58
2023/9/13, 118, 54
2023/9/14, 104, 59
2023/9/15, 121, 61
2023/9/16, 126, 55
2023/9/17, 109, 56
2023/9/18, 117, 57
2023/9/19, 114, 62
2023/9/20, 123, 60
2023/9/21, 127, 
2023/9/22, 125, 
2023/9/23, 105, 
2023/9/24, 125, 62
2023/9/25, 131, 54
2023/9/26, 115, 61
2023/9/27, 111, 60
2023/9/28, 119, 61
2023/9/29, 123, 66
2023/9/30, 147, 70
2023/4/1, 29, 
2023/4/2, 67, 
2023/4/3, 109, 
2023/4/4, 78, 
2023/4/5, 89, 62
2023/4/6, 65, 36
2023/4/7, 91, 
2023/4/8, 115, 
2023/4/9, 102, 
2023/4/10, 36, 30
2023/4/11, 33, 
2023/4/12, 34, 
2023/4/13, 42, 
2023/4/14, 76, 
2023/4/15, 95, 
2023/4/16, 66, 
2023/4/17, 52, 48
2023/4/18, 105, 
2023/4/19, 101, 
2023/4/20, 101, 
2023/4/21, 92, 
2023/4/22, 96, 
2023/4/23, 90, 
2023/4/24, 84, 
2023/4/25, 56, 
2023/4/26, 78, 
2023/4/27, 86, 
2023/4/28, 58, 
2023/4/29, 119, 
2023/4/30, 106, 
2023/5/1, 97, 
2023/5/2, 126, 
2023/5/3, 88, 
2023/5/4, 64, 
2023/5/5, 96, 
2023/5/6, 84, 
2023/5/7, 115, 
2023/5/8, 79, 
2023/5/9, 118, 
2023/5/10, 132, 
2023/5/11, 99, 
2023/5/12, 53, 
2023/5/13, 90, 
2023/5/14, 87, 
2023/5/15, 113, 
2023/5/16, 103, 
2023/5/17, 128, 
2023/5/18, 144, 
2023/5/19, 139, 
2023/5/20, 138, 
2023/5/21, 143, 
2023/5/22, 148, 
2023/5/23, 121, 
2023/5/24, 146, 
2023/5/25, 142, 
2023/5/26, 141, 
2023/5/27, 140, 
2023/5/28, 126, 
2023/5/29, 134, 73
2023/5/30, 140, 
2023/5/31, 139, 
2023/6/1, 131, 
2023/6/2, 149, 
2023/6/3, 125, 
2023/6/4, 130, 
2023/6/5, 123, 
2023/6/6, 128, 
2023/6/7, 137, 
2023/6/8, 121, 
2023/6/9, 118, 
2023/6/10, 129, 
2023/6/11, 142, 
2023/6/12, 135, 
2023/6/13, 130, 
2023/6/14, 128, 
2023/6/15, 146, 
2023/6/16, 107, 
2023/6/17, 121, 75
2023/6/18, 117, 50
2023/6/19, 102, 78
2023/6/20, 121, 88
2023/6/21, 141, 
2023/6/22, 132, 
2023/6/23, 120, 
2023/6/24, 107, 
2023/6/25, 124, 
2023/6/26, 120, 105
2023/6/27, 138, 51
2023/6/28, 77, 
2023/6/29, 75, 
2023/6/30, 80, 
2023/1/2, 55, 
2023/1/3, 40, 
2023/1/4, 70, 
2023/1/5, 67, 
2023/1/6, 42, 
2023/1/7, 43, 
2023/1/8, 50, 
2023/1/9, 56, 29
2023/1/10, 52, 37
2023/1/11, 92, 36
2023/1/12, 89, 64
2023/1/13, 119, 
2023/1/14, 95, 
2023/1/15, 57, 18
2023/1/16, 58, 44
2023/1/17, 63, 57
2023/1/18, 115, 34
2023/1/19, 76, 34
2023/1/20, 65, 
2023/1/21, 67, 
2023/1/22, 56, 
2023/1/23, 51, 
2023/1/24, 52, 45
2023/1/25, 61, 
2023/1/26, 66, 49
2023/1/27, 63, 31
2023/1/28, 71, 
2023/1/29, 74, 
2023/1/30, 75, 
2023/1/31, 95, 39
2023/2/1, 68, 27
2023/2/2, 64, 2
2023/2/3, 69, 
2023/2/4, 94, 
2023/2/5, 67, 
2023/2/6, 72, 
2023/2/7, 56, 
2023/2/8, 66, 
2023/2/9, 51, 
2023/2/10, 47, 
2023/2/11, 44, 
2023/2/12, 41, 42
2023/2/13, 54, 33
2023/2/14, 39, 40
2023/2/15, 45, 39
2023/2/16, 56, 27
2023/2/17, 64, 60
2023/2/18, 94, 67
2023/2/19, 93, 34
2023/2/20, 51, 27
2023/2/21, 49, 22
2023/2/22, 44, 27
2023/2/23, 45, 
2023/2/27, 53, 
2023/2/28, 55, 
2023/3/1, 68, 
2023/3/2, 61, 
2023/3/3, 59, 
2023/3/4, 48, 
2023/3/5, 64, 
2023/3/6, 46, 
2023/3/7, 53, 
2023/3/8, 66, 
2023/3/9, 28, 
2023/3/10, 85, 
2023/3/11, 91, 
2023/3/12, 108, 
2023/3/13, 92, 
2023/3/14, 64, 
2023/3/15, 68, 
2023/3/16, 97, 
2023/3/17, 70, 
2023/3/18, 75, 
2023/3/19, 101, 
2023/3/20, 123, 
2023/3/21, 89, 
2023/3/22, 68, 
2023/3/23, 41, 
2023/3/24, 77, 
2023/3/25, 89, 
2023/3/26, 71, 
2023/3/27, 66, 
2023/3/28, 95, 
2023/3/29, 91, 
2023/3/30, 78, 
2023/3/31, 53, 
2022/10/1, 103, 
2022/10/2, 80, 
2022/10/3, 118, 
2022/10/4, 98, 
2022/10/5, 106, 
2022/10/6, 118, 
2022/10/7, 99, 
2022/10/8, 79, 
2022/10/9, 119, 
2022/10/10, 100, 
2022/10/11, 151, 
2022/10/12, 142, 
2022/10/13, 123, 
2022/10/14, 107, 
2022/10/15, 118, 
2022/10/16, 129, 
2022/10/17, 126, 
2022/10/18, 134, 
2022/10/19, 135, 
2022/10/20, 125, 
2022/10/21, 86, 
2022/10/22, 111, 
2022/10/23, 87, 
2022/10/24, 62, 
2022/10/25, 83, 
2022/10/26, 68, 
2022/10/27, 98, 
2022/10/28, 94, 
2022/10/29, 99, 
2022/10/30, 91, 
2022/10/31, 97, 
2022/11/1, 127, 
2022/11/2, 127, 
2022/11/3, 114, 
2022/11/4, 137, 
2022/11/5, 123, 
2022/11/6, 91, 
2022/11/7, 100, 
2022/11/8, 131, 
2022/11/9, 116, 
2022/11/10, 88, 
2022/11/11, 69, 
2022/11/12, 70, 
2022/11/13, 89, 
2022/11/14, 88, 
2022/11/15, 82, 
2022/11/16, 76, 
2022/11/17, 85, 
2022/11/18, 70, 
2022/11/19, 84, 
2022/11/20, 64, 
2022/11/21, 70, 
2022/11/22, 70, 
2022/11/23, 79, 
2022/11/24, 75, 
2022/11/25, 107, 
2022/11/26, 117, 
2022/11/27, 130, 
2022/11/28, 118, 
2022/11/29, 108, 
2022/11/30, 94, 
2022/12/1, 102, 
2022/12/2, 104, 
2022/12/3, 97, 
2022/12/4, 121, 
2022/12/5, 129, 
2022/12/6, 116, 
2022/12/7, 132, 
2022/12/8, 111, 
2022/12/9, 56, 
2022/12/10, 80, 
2022/12/11, 64, 
2022/12/12, 42, 12
2022/12/13, 40, 
2022/12/14, 41, 
2022/12/15, 58, 
2022/12/16, 79, 
2022/12/17, 122, 
2022/12/18, 126, 
2022/12/19, 128, 
2022/12/20, 96, 
2022/12/21, 93, 
2022/12/22, 56, 
2022/12/23, 53, 
2022/12/24, 103, 
2022/12/25, 59, 
2022/12/26, 79, 
2022/12/27, 47, 
2022/12/28, 57, 
2022/12/29, 54, 
2022/12/30, 75, 
2022/12/31, 75, 
2023/1/1, 57, 
2022/7/1, 142, 
2022/7/2, 160, 
2022/7/3, 125, 
2022/7/4, 77, 
2022/7/5, 106, 
2022/7/6, 89, 
2022/7/7, 113, 
2022/7/8, 108, 
2022/7/9, 98, 
2022/7/10, 110, 
2022/7/11, 140, 
2022/7/12, 135, 
2022/7/13, 127, 
2022/7/14, 108, 44
2022/7/15, 88, 
2022/7/16, 69, 
2022/7/17, 98, 
2022/7/18, 147, 
2022/7/19, 132, 
2022/7/20, 144, 58
2022/7/21, 137, 56
2022/7/22, 131, 49
2022/7/23, 90, 
2022/7/24, 106, 41
2022/7/25, 97, 52
2022/7/26, 112, 62
2022/7/27, 141, 71
2022/7/28, 139, 38
2022/7/29, 103, 
2022/7/30, 112, 
2022/7/31, 139, 
2022/8/1, 87, 
2022/8/2, 148, 
2022/8/3, 138, 
2022/8/4, 89, 
2022/8/5, 71, 
2022/8/6, 105, 
2022/8/7, 130, 
2022/8/8, 95, 
2022/8/9, 89, 
2022/8/10, 120, 
2022/8/11, 120, 
2022/8/12, 103, 
2022/8/13, 102, 
2022/8/14, 105, 
2022/8/15, 97, 
2022/8/16, 114, 
2022/8/17, 103, 
2022/8/18, 97, 
2022/8/19, 98, 
2022/8/20, 119, 
2022/8/21, 119, 
2022/8/22, 115, 
2022/8/23, 148, 
2022/8/24, 144, 
2022/8/25, 126, 
2022/8/26, 158, 
2022/8/27, 145, 
2022/8/28, 122, 
2022/8/29, 125, 
2022/8/30, 123, 
2022/8/31, 148, 
2022/9/1, 110, 
2022/9/2, 128, 
2022/9/3, 97, 
2022/9/4, 57, 
2022/9/5, 132, 
2022/9/6, 105, 
2022/9/7, 110, 
2022/9/8, 128, 
2022/9/9, 138, 
2022/9/10, 125, 
2022/9/11, 113, 
2022/9/12, 102, 
2022/9/13, 135, 
2022/9/14, 135, 
2022/9/15, 134, 
2022/9/16, 133, 
2022/9/17, 135, 
2022/9/18, 158, 
2022/9/19, 138, 
2022/9/20, 137, 
2022/9/21, 126, 
2022/9/22, 141, 
2022/9/23, 138, 
2022/9/24, 102, 
2022/9/25, 126, 
2022/9/26, 121, 
2022/9/27, 102, 
2022/9/28, 134, 
2022/9/29, 129, 
2022/9/30, 132, 
2022/4/1, 138, 62
2022/4/2, 85, 33
2022/4/3, 51, 17
2022/4/4, 91, 52
2022/4/5, 125, 38
2022/4/6, 94, 43
2022/4/7, 102, 27
2022/4/8, 73, 43
2022/4/9, 102, 52
2022/4/10, 124, 44
2022/4/11, 113, 60
2022/4/12, 155, 71
2022/4/13, 153, 41
2022/4/14, 104, 51
2022/4/15, 132, 48
2022/4/16, 125, 56
2022/4/17, 128, 37
2022/4/18, 98, 44
2022/4/19, 108, 38
2022/4/20, 86, 31
2022/4/21, 82, 64
2022/4/22, 135, 46
2022/4/23, 115, 41
2022/4/24, 106, 49
2022/4/25, 115, 33
2022/4/26, 81, 24
2022/4/27, 66, 20
2022/4/28, 56, 
2022/4/29, 51, 
2022/4/30, 98, 
2022/5/1, 101, 
2022/5/2, 103, 
2022/5/3, 71, 
2022/5/4, 89, 
2022/5/5, 74, 
2022/5/6, 65, 
2022/5/7, 104, 
2022/5/8, 76, 
2022/5/9, 90, 
2022/5/10, 103, 
2022/5/11, 94, 34
2022/5/12, 90, 29
2022/5/13, 76, 49
2022/5/14, 117, 50
2022/5/15, 125, 44
2022/5/16, 113, 33
2022/5/17, 106, 
2022/5/18, 115, 
2022/5/19, 147, 20
2022/5/20, 109, 44
2022/5/21, 102, 
2022/5/22, 108, 
2022/5/23, 115, 
2022/5/24, 109, 
2022/5/25, 130, 
2022/5/26, 106, 
2022/5/27, 138, 
2022/5/28, 125, 
2022/5/29, 87, 
2022/5/30, 93, 25
2022/5/31, 117, 23
2022/6/2, 79, 32
2022/6/3, 99, 
2022/6/4, 122, 
2022/6/5, 126, 
2022/6/6, 117, 50
2022/6/7, 107, 39
2022/6/8, 100, 36
2022/6/9, 85, 51
2022/6/10, 100, 
2022/6/11, 102, 
2022/6/12, 125, 
2022/6/13, 105, 
2022/6/14, 123, 
2022/6/15, 152, 76
2022/6/16, 138, 
2022/6/17, 134, 
2022/6/18, 132, 
2022/6/19, 135, 
2022/6/20, 147, 64
2022/6/21, 131, 
2022/6/22, 136, 67
2022/6/23, 130, 
2022/6/24, 155, 
2022/6/25, 139, 
2022/6/26, 122, 50
2022/6/27, 117, 
2022/6/28, 106, 
2022/6/29, 93, 63
2022/6/30, 123, 
2022/1/27, 72, 
2022/1/28, 83, 
2022/1/29, 128, 
2022/1/30, 145, 
2022/1/31, 93, 
2022/2/1, 90, 
2022/2/2, 65, 
2022/2/3, 85, 
2022/2/4, 70, 
2022/2/5, 78, 
2022/2/6, 59, 
2022/2/7, 58, 
2022/2/8, 114, 
2022/2/9, 95, 
2022/2/10, 63, 
2022/2/11, 124, 
2022/2/15, 146, 
2022/2/16, 118, 
2022/2/17, 119, 
2022/2/18, 109, 
2022/2/19, 124, 
2022/2/20, 104, 
2022/2/21, 95, 
2022/2/22, 98, 
2022/2/23, 97, 
2022/2/24, 61, 
2022/2/25, 63, 19
2022/2/26, 66, 21
2022/2/27, 55, 14
2022/2/28, 74, 22
2022/3/1, 62, 19
2022/3/2, 71, 28
2022/3/3, 56, 19
2022/3/4, 68, 21
2022/3/5, 66, 24
2022/3/6, 66, 21
2022/3/7, 60, 18
2022/3/8, 75, 27
2022/3/11, 115, 60
2022/3/12, 54, 
2022/3/13, 72, 
2022/3/14, 115, 
2022/3/15, 96, 
2022/3/16, 108, 
2022/3/17, 123, 
2022/3/18, 120, 34
2022/3/19, 68, 21
2022/3/20, 62, 
2022/3/21, 49, 
2022/3/22, 71, 
2022/3/23, 52, 
2022/3/25, 129, 61
2022/3/26, 131, 54
2022/3/27, 129, 52
2022/3/28, 72, 27
2022/3/29, 107, 46
2022/3/30, 114, 
2022/3/31, 88, 37
2021/10/14, 22, 62
2021/10/15, 39, 72
2021/10/16, 32, 
2021/10/17, 36, 
2021/10/18, 13, 22
2021/10/19, 28, 37
2021/10/20, 20, 
2021/10/21, 28, 
2021/10/22, 39, 70
2021/10/23, 31, 
2021/10/24, 30, 55
2021/10/26, 28, 51
2021/10/27, 26, 34
2021/10/28, 24, 50
2021/10/29, 31, 50
2021/10/30, 25, 
2021/10/31, 33, 63
2021/11/1, 27, 57
2021/11/2, 26, 37
2021/11/3, 23, 44
2021/11/4, 27, 46
2021/11/5, 33, 39
2021/11/6, 28, 32
2021/11/7, 21, 28
2021/11/8, 29, 42
2021/11/9, 28, 35
2021/11/10, 14, 22
2021/11/11, 19, 
2021/11/12, 23, 10
2021/7/1, 24, 49
2021/7/2, 39, 49
2021/7/3, 24, 61
2021/7/4, 32, 68
2021/7/5, 34, 53
2021/7/6, 21, 62
2021/7/7, 30, 71
2021/7/8, 29, 66
2021/7/9, 29, 55
2021/7/10, 24, 49
2021/7/11, 20, 44
2021/7/12, 19, 63
2021/7/13, 21, 37
2021/7/14, 17, 88
2021/7/15, 35, 72
2021/7/16, 37, 57
2021/7/17, 30, 71
2021/7/18, 28, 72
2021/7/19, 30, 
2021/7/26, 38, 
2021/7/27, 27, 
2021/7/28, 37, 
2021/7/29, 25, 68
2021/7/30, 30, 
2021/7/31, 13, 37
2021/8/1, 22, 33
2021/8/2, 19, 
2021/8/3, 23, 37
2021/8/4, 23, 51
2021/8/5, 25, 46
2021/8/6, 29, 54
2021/8/7, 28, 55
2021/8/8, 28, 46
2021/8/9, 25, 33
2021/8/10, 16, 54
2021/8/11, 25, 51
2021/8/12, 31, 65
2021/8/13, 24, 68
2021/8/16, 16, 57
2021/8/17, 28, 53
2021/8/18, 24, 58
2021/8/19, 29, 52
2021/8/20, 31, 47
2021/8/21, 23, 53
2021/8/22, 32, 55
2021/8/23, 32, 64
2021/8/24, 33, 51
2021/8/25, 29, 52
2021/8/26, 29, 61
2021/8/27, 37, 66
2021/8/28, 36, 64
2021/8/29, 38, 71
2021/8/30, 37, 58
2021/8/31, 24, 58
2021/9/1, 43, 55
2021/9/2, 39, 55
2021/9/3, 25, 48
2021/9/4, 23, 56
2021/9/5, 34, 54
2021/9/6, 34, 41
2021/9/7, 20, 46
2021/9/8, 28, 43
2021/9/9, 30, 47
2021/9/10, 25, 55
2021/9/11, 30, 43
2021/9/12, 27, 36
2021/9/13, 29, 32
2021/9/14, 20, 39
2021/9/15, 34, 35
2021/9/16, 24, 37
2021/9/17, 31, 45
2021/9/18, 25, 45
2021/9/19, 22, 43
2021/9/20, 24, 52
2021/9/21, 25, 45
2021/9/22, 33, 49
2021/9/23, 28, 43
2021/9/24, 31, 44
2021/9/25, 38, 39
2021/9/26, 28, 43
2021/9/27, 29, 37
2021/9/28, 21, 47
2021/9/29, 29, 56
2021/9/30, 45, 51
2021/4/12, 21, 46
2021/4/13, 25, 40
2021/4/14, 24, 45
2021/4/15, 19, 46
2021/4/16, 29, 48
2021/4/17, 25, 51
2021/4/18, 25, 47
2021/4/19, 30, 49
2021/4/20, 38, 49
2021/4/23, 25, 64
2021/4/24, 31, 59
2021/4/26, 1, 50
2021/4/27, 33, 55
2021/4/28, 22, 42
2021/4/29, 29, 51
2021/4/30, 24, 
2021/5/1, 26, 
2021/5/2, 21, 
2021/5/3, 21, 44
2021/5/4, 27, 44
2021/5/5, 26, 44
2021/5/6, 20, 37
2021/5/7, 31, 48
2021/5/8, 18, 40
2021/5/9, 18, 24
2021/5/10, 26, 47
2021/5/11, 35, 55
2021/5/12, 25, 57
2021/5/13, 33, 55
2021/5/14, 26, 41
2021/5/15, 22, 40
2021/5/16, 25, 39
2021/5/17, 24, 34
2021/5/18, 18, 25
2021/5/19, 26, 42
2021/5/20, 13, 49
2021/5/21, 35, 49
2021/5/22, 22, 50
2021/5/23, 30, 59
2021/5/24, 32, 81
2021/5/25, 25, 37
2021/5/26, 28, 55
2021/5/27, 12, 46
2021/5/31, 2, 44
2021/6/1, 27, 58
2021/6/2, 31, 51
2021/6/3, 25, 58
2021/6/4, 32, 60
2021/6/5, 29, 51
2021/6/6, 24, 47
2021/6/7, 19, 51
2021/6/8, 19, 53
2021/6/9, 15, 67
2021/6/10, 32, 61
2021/6/11, 14, 50
2021/6/12, 29, 57
2021/6/13, 22, 45
2021/6/14, 25, 65
2021/6/15, 28, 45
2021/6/16, 31, 76
2021/6/17, 31, 67
2021/6/18, 32, 60
2021/6/19, 35, 65
2021/6/20, 40, 76
2021/6/21, 51, 88
2021/6/22, 28, 31
2021/6/23, 31, 63
2021/6/29, 6, 57
2021/6/30, 37, 60
2021/1/4, 93, 34
2021/1/5, 71, 29
2021/1/6, 83, 23
2021/1/7, 69, 33
2021/1/8, 65, 35
2021/1/9, 96, 25
2021/1/10, 60, 31
2021/1/11, 94, 30
2021/1/12, 69, 30
2021/1/13, 108, 27
2021/1/14, 49, 36
2021/1/15, 99, 62
2021/1/16, 120, 48
2021/1/17, 86, 27
2021/1/18, 62, 36
2021/1/19, 100, 33
2021/1/20, 82, 38
2021/1/21, 93, 37
2021/1/22, 93, 59
2021/1/23, 128, 28
2021/1/24, 51, 56
2021/1/27, 8, 22
2021/1/28, 15, 23
2021/1/29, 19, 27
2021/1/30, 14, 39
2021/1/31, 16, 52
2021/2/1, 32, 25
2021/2/2, 18, 20
2021/2/3, 17, 36
2021/2/4, 9, 27
2021/2/5, 1, 27
2021/2/6, 13, 27
2021/2/7, 11, 22
2021/2/8, 10, 33
2021/2/9, 15, 27
2021/2/10, 13, 21
2021/2/11, 15, 24
2021/2/12, 16, 22
2021/2/13, 15, 34
2021/2/14, 11, 34
2021/2/15, 18, 21
2021/2/16, 11, 35
2021/2/17, 21, 35
2021/2/18, 12, 
2021/2/19, 14, 24
2021/2/20, 11, 
2021/2/21, 14, 
2021/2/22, 23, 
2021/2/23, 19, 16
2021/2/24, 18, 28
2021/2/25, 16, 21
2021/2/26, 12, 46
2021/2/27, 21, 30
2021/2/28, 20, 21
2021/3/1, 21, 27
2021/3/2, 13, 30
2021/3/3, 22, 37
2021/3/4, 21, 38
2021/3/5, 24, 39
2021/3/6, 25, 54
2021/3/7, 31, 29
2021/3/8, 18, 28
2021/3/9, 17, 36
2021/3/10, 19, 18
2021/3/11, 4, 34
2021/3/12, 13, 25
2021/3/13, 9, 26
2021/3/17, 3, 69
2021/3/18, 34, 44
2021/3/19, 21, 40
2021/3/20, 20, 29
2021/3/21, 18, 29
2021/3/22, 16, 27
2021/3/23, 23, 19
2021/3/24, 19, 20
2021/3/25, 13, 40
2021/3/26, 25, 45
2021/3/27, 8, 45
2021/3/28, 35, 42
2020/10/10, 110, 53
2020/10/11, 109, 51
2020/10/12, 113, 64
2020/10/13, 123, 61
2020/10/14, 129, 63
2020/10/15, 98, 62
2020/10/16, 98, 55
2020/10/17, 98, 47
2020/10/18, 98, 50
2020/10/19, 98, 54
2020/10/20, 98, 52
2020/11/11, 180, 62
2020/11/20, 75, 47
2020/11/21, 104, 52
2020/11/22, 118, 
2020/11/23, 119, 45
2020/11/24, 77, 37
2020/11/26, 125, 44
2020/11/27, 102, 35
2020/11/28, 118, 47
2020/11/29, 90, 29
2020/11/30, 101, 18
2020/12/1, 90, 18
2020/12/2, 108, 31
2020/12/3, 82, 31
2020/12/4, 72, 31
2020/12/5, 66, 26
2020/12/6, 46, 25
2020/12/7, 54, 26
2020/12/8, 79, 34
2020/12/9, 95, 
2020/12/10, 69, 
2020/12/11, 59, 18
2020/12/12, 55, 25
2020/12/13, 59, 27
2020/12/14, 58, 19
2020/12/15, 76, 22
2020/12/16, 112, 19
2020/12/17, 94, 23
2020/12/18, 101, 24
2020/12/19, 71, 29
2020/12/20, 72, 23
2020/12/21, 79, 16
2020/12/23, 53, 30
2020/12/30, 89, 24
2020/12/31, 63, 24
2021/1/1, 91, 26
2021/1/2, 96, 27
2021/1/3, 71, 25
2020/8/7, 64, 57
2020/8/10, 33, 57
2020/8/11, 126, 60
2020/8/12, 134, 57
2020/8/13, 68, 33
2020/8/14, 103, 35
2020/8/15, 140, 62
2020/8/16, 115, 26
2020/8/17, 125, 41
2020/8/18, 96, 50
2020/8/19, 136, 61
2020/8/20, 105, 45
2020/8/21, 99, 42
2020/8/22, 140, 58
2020/8/23, 143, 63
2020/8/24, 104, 57
2020/8/25, 108, 53
2020/8/26, 108, 55
2020/8/27, 107, 53
2020/8/28, 142, 56
2020/8/29, 111, 56
2020/8/30, 112, 57
2020/8/31, 116, 63
2020/9/1, 135, 55
2020/9/2, 120, 61
2020/9/3, 109, 45
2020/9/4, 146, 47
2020/9/5, 106, 58
2020/9/6, 119, 57
2020/9/7, 77, 63
2020/9/8, 100, 
2020/9/9, 66, 
2020/9/10, 119, 
2020/9/11, 141, 
2020/9/12, 117, 57
2020/9/13, 125, 56
2020/9/14, 128, 62
2020/4/1, 70, 18
2020/4/2, 222, 20
2020/4/3, 58, 21
2020/4/4, 89, 39
2020/4/5, 94, 41
2020/4/6, 81, 17
2020/4/7, 62, 15
2020/4/8, 68, 29
2020/4/9, 64, 43
2020/4/10, 104, 36
2020/4/11, 110, 49
2020/4/12, 120, 34
2020/4/13, 45, 33
2020/4/14, 103, 29
2020/4/15, 69, 26
2020/4/16, 101, 32
2020/4/17, 172, 42
2020/4/19, 172, 44
2020/4/20, 151, 52
2020/4/22, 1, 44
2020/4/23, 150, 52
2020/4/24, 102, 43
2020/4/26, 175, 32
2020/6/1, 136, 32
2020/1/10, 64, 15
2020/1/11, 79, 30
2020/1/12, 63, 20
2020/1/16, 93, 37
2020/1/17, 125, 48
2020/1/18, 94, 26
2020/1/19, 128, 43
2020/1/20, 96, 44
2020/1/21, 62, 17
2020/1/22, 106, 30
2020/1/23, 75, 16
2020/1/24, 91, 33
2020/1/25, 70, 17
2020/1/26, 122, 39
2020/1/27, 71, 21
2020/1/28, 126, 44
2020/1/29, 104, 34
2020/1/30, 55, 16
2020/1/31, 80, 30
2020/2/1, 81, 23
2020/2/2, 100, 27
2020/2/3, 79, 24
2020/2/4, 41, 16
2020/2/6, 55, 43
2020/2/7, 87, 31
2020/2/8, 87, 19
2020/2/9, 63, 22
2020/2/10, 100, 28
2020/2/11, 113, 48
2020/2/12, 101, 46
2020/2/13, 84, 31
2020/2/14, 92, 37
2020/2/15, 126, 55
2020/2/16, 106, 34
2020/2/17, 76, 26
2020/2/18, 76, 24
2020/2/19, 73, 24
2020/2/20, 76, 19
2020/2/21, 90, 23
2020/2/22, 90, 21
2020/2/23, 82, 16
2020/2/24, 58, 17
2020/2/25, 77, 17
2020/2/26, 65, 32
2020/2/27, 90, 
2020/2/28, 79, 
2020/2/29, 131, 
2020/3/1, 85, 
2020/3/2, 93, 23
2020/3/3, 56, 33
2020/3/4, 93, 37
2020/3/5, 65, 23
2020/3/6, 92, 33
2020/3/7, 28, 17
2020/3/9, 126, 19
2020/3/12, 74, 31
2020/3/13, 89, 22
2020/3/14, 139, 53
2020/3/15, 128, 39
2020/3/16, 112, 31
2020/3/17, 108, 33
2020/3/18, 60, 31
2020/3/19, 112, 44
2020/3/20, 86, 40
2020/3/21, 99, 34
2020/3/22, 56, 15
2020/3/23, 100, 43
2020/3/24, 126, 40
2020/3/25, 76, 19
2020/3/26, 96, 29
2020/3/27, 91, 31
2020/3/28, 135, 44
2020/3/29, 106, 40
2020/3/30, 102, 42
2020/3/31, 107, 40
2019/10/1, 118, 73
2019/10/2, 148, 
2019/10/3, 134, 62
2019/10/4, 125, 53
2019/10/7, 124, 78
2019/10/8, 150, 
2019/12/5, 114, 
2019/12/6, 100, 
2019/12/7, 69, 
2019/12/8, 101, 
2019/12/9, 125, 
2019/12/10, 97, 
2019/12/11, 145, 
2019/12/12, 110, 
2019/12/13, 132, 
2019/12/14, 105, 
2019/12/15, 102, 
2019/12/16, 153, 
2019/12/17, 98, 
2019/12/20, 14, 51
2019/12/23, 31, 60
2019/12/24, 131, 23
2019/12/25, 91, 40
2019/12/26, 132, 40
2019/7/1, 120, 73
2019/7/2, 132, 68
2019/7/3, 119, 61
2019/7/4, 107, 65
2019/7/5, 118, 56
2019/7/6, 115, 57
2019/7/7, 112, 63
2019/7/8, 119, 67
2019/7/9, 114, 59
2019/7/10, 98, 66
2019/7/11, 130, 64
2019/7/12, 128, 64
2019/7/13, 103, 66
2019/7/14, 122, 62
2019/7/15, 90, 70
2019/7/19, 113, 
2019/7/20, 129, 56
2019/7/21, 110, 66
2019/7/22, 112, 63
2019/7/23, 134, 60
2019/7/24, 116, 71
2019/7/25, 127, 69
2019/7/26, 128, 55
2019/7/27, 127, 69
2019/7/28, 157, 64
2019/7/29, 139, 54
2019/8/7, 97, 62
2019/8/8, 133, 59
2019/8/9, 140, 66
2019/8/10, 120, 60
2019/8/11, 121, 61
2019/8/12, 122, 59
2019/8/13, 124, 56
2019/8/14, 111, 64
2019/8/15, 114, 70
2019/8/16, 147, 63
2019/8/17, 173, 56
2019/8/19, 92, 62
2019/8/20, 121, 58
2019/8/21, 129, 60
2019/8/22, 117, 69
2019/8/23, 119, 63
2019/8/24, 120, 61
2019/8/25, 110, 61
2019/8/26, 110, 60
2019/8/27, 117, 55
2019/8/28, 113, 68
2019/8/29, 135, 62
2019/8/30, 103, 64
2019/9/1, 127, 67
2019/9/2, 125, 60
2019/9/3, 117, 64
2019/9/4, 121, 59
2019/9/5, 121, 60
2019/9/6, 114, 60
2019/9/7, 124, 61
2019/9/8, 122, 59
2019/9/9, 119, 54
2019/9/10, 123, 69
2019/9/11, 127, 65
2019/9/12, 106, 72
2019/9/13, 116, 
2019/9/16, 119, 62
2019/9/17, 119, 58
2019/9/18, 113, 57
2019/9/19, 117, 61
2019/9/20, 113, 
2019/9/22, 158, 66
2019/9/23, 131, 62
2019/9/24, 60, 65
2019/9/25, 2, 62
2019/9/26, 111, 62
2019/9/27, 101, 53
2019/9/28, 34, 59
2019/9/29, 142, 58
2019/9/30, 131, 60
2019/1/1, 63, 
2019/1/2, 64, 
2019/1/3, 78, 
2019/1/4, 85, 
2019/1/5, 81, 
2019/1/6, 139, 
2019/1/7, 108, 
2019/1/8, 84, 
2019/1/9, 108, 
2019/1/11, 90, 
2019/1/12, 77, 
2019/1/13, 109, 
2019/1/14, 107, 
2019/1/15, 100, 
2019/1/16, 36, 
2019/1/19, 54, 
2019/1/20, 115, 
2019/1/21, 94, 
2019/1/22, 58, 
2019/1/23, 93, 
2019/1/24, 91, 
2019/1/25, 68, 
2019/1/26, 101, 
2019/1/27, 61, 
2019/1/28, 96, 
2019/2/4, 49, 
2019/2/5, 78, 
2019/2/6, 75, 
2019/2/7, 122, 
2019/2/8, 78, 
2019/2/9, 150, 
2019/2/12, 73, 
2019/2/13, 128, 
2019/2/14, 158, 
2019/2/18, 127, 
2019/2/21, 128, 
2019/2/26, 144, 
2019/2/27, 126, 22
2019/3/8, 171, 
2019/3/12, 42, 
2019/3/13, 89, 
2019/3/14, 117, 
2019/3/15, 119, 
2019/3/16, 99, 
2019/3/17, 76, 
2019/3/18, 79, 
2019/3/19, 60, 
2019/3/20, 85, 
2019/3/21, 68, 
2019/3/22, 82, 
2019/3/23, 82, 
2019/3/24, 110, 
2019/3/25, 92, 
2018/10/1, 120, 54
2018/10/2, 120, 63
2018/10/3, 121, 57
2018/10/4, 112, 62
2018/10/5, 119, 53
2018/10/6, 81, 
2018/10/8, 134, 61
2018/10/9, 142, 68
2018/10/10, 139, 70
2018/10/11, 155, 59
2018/10/12, 127, 65
2018/10/13, 131, 73
2018/10/14, 141, 64
2018/10/15, 150, 64
2018/10/16, 118, 68
2018/10/17, 139, 70
2018/10/29, 100, 42
2018/10/30, 97, 50
2018/10/31, 110, 82
2018/11/1, 138, 49
2018/11/2, 99, 
2018/11/3, 125, 45
2018/11/4, 100, 44
2018/11/5, 95, 51
2018/11/6, 101, 51
2018/11/7, 89, 50
2018/12/4, 117, 
2018/12/5, 121, 
2018/12/6, 122, 
2018/12/7, 106, 
2018/12/8, 117, 
2018/12/9, 92, 
2018/12/10, 128, 
2018/12/11, 138, 
2018/12/12, 89, 
2018/12/13, 102, 
2018/12/14, 102, 
2018/12/17, 100, 
2018/12/18, 98, 
2018/12/19, 106, 
2018/12/20, 88, 
2018/12/21, 63, 
2018/12/22, 98, 
2018/12/23, 64, 
2018/12/24, 58, 
2018/12/25, 58, 
2018/12/26, 50, 
2018/12/27, 83, 
2018/12/28, 66, 
2018/12/29, 77, 
2018/12/30, 73, 
2018/7/2, 147, 
2018/7/4, 158, 
2018/7/5, 115, 
2018/7/6, 95, 
2018/7/7, 143, 
2018/7/8, 143, 
2018/7/9, 131, 
2018/7/10, 125, 
2018/7/11, 142, 
2018/7/12, 129, 
2018/7/13, 130, 
2018/7/14, 149, 
2018/7/15, 88, 
2018/7/16, 103, 75
2018/7/17, 140, 73
2018/7/18, 140, 76
2018/7/19, 142, 70
2018/7/20, 136, 66
2018/7/21, 130, 80
2018/7/22, 134, 63
2018/7/23, 118, 57
2018/7/24, 106, 67
2018/7/25, 126, 71
2018/7/26, 132, 76
2018/7/27, 131, 78
2018/7/28, 140, 76
2018/7/29, 148, 84
2018/7/30, 148, 72
2018/7/31, 135, 72
2018/8/1, 135, 60
2018/8/2, 117, 59
2018/8/3, 118, 60
2018/8/4, 108, 59
2018/8/5, 108, 58
2018/8/6, 112, 69
2018/8/7, 131, 79
2018/8/8, 147, 70
2018/8/9, 148, 57
2018/8/10, 116, 65
2018/8/11, 146, 58
2018/8/13, 118, 65
2018/8/14, 119, 64
2018/8/15, 120, 58
2018/8/16, 110, 55
2018/8/17, 89, 54
2018/8/18, 103, 64
2018/8/19, 126, 60
2018/8/20, 138, 60
2018/8/21, 116, 58
2018/8/22, 116, 55
2018/8/23, 112, 66
2018/8/24, 131, 63
2018/8/25, 115, 77
2018/8/26, 121, 67
2018/8/27, 136, 62
2018/8/28, 155, 62
2018/8/31, 110, 48
2018/9/1, 107, 59
2018/9/2, 123, 51
2018/9/3, 105, 43
2018/9/4, 80, 55
2018/9/5, 109, 73
2018/9/6, 142, 71
2018/9/7, 123, 50
2018/9/8, 99, 64
2018/9/9, 143, 65
2018/9/10, 132, 53
2018/9/11, 124, 60
2018/9/12, 106, 62
2018/9/13, 105, 60
2018/9/14, 113, 54
2018/9/15, 114, 48
2018/9/16, 129, 54
2018/9/17, 125, 51
2018/9/18, 125, 45
2018/9/19, 87, 68
2018/9/20, 150, 49
2018/9/21, 101, 35
2018/9/22, 104, 51
2018/9/23, 138, 69
2018/9/24, 138, 
2018/9/26, 133, 65
2018/9/27, 121, 61
2018/9/28, 129, 56
2018/9/29, 111, 60
2018/9/30, 134, 59
2018/4/28, 94, 43
2018/4/30, 161, 69
2018/5/3, 146, 83
2018/5/4, 146, 82
2018/5/5, 130, 68
2018/5/6, 126, 62
2018/5/7, 118, 60
2018/5/8, 127, 66
2018/5/9, 139, 70
2018/5/10, 125, 64
2018/5/11, 158, 59
2018/5/13, 165, 76
2018/5/18, 106, 59
2018/5/19, 95, 54
2018/5/20, 137, 65
2018/5/21, 98, 50
2018/5/22, 96, 52
2018/5/23, 76, 41
2018/5/24, 59, 28
2018/5/25, 121, 62
2018/5/26, 132, 72
2018/6/22, 89, 49
2018/6/23, 105, 45
2018/6/24, 80, 46
2024/8/17, , 59
2024/8/25, , 56
2024/4/17, , 49
2024/6/2, , 34
2022/6/1, , 38
2022/1/3, , 35
2022/1/4, , 39
2022/1/5, , 68
2022/1/6, , 52
2022/1/7, , 34
2022/1/8, , 72
2022/1/9, , 192
2022/1/10, , 26
2022/1/11, , 22
2022/1/12, , 27
2022/1/15, , 32
2022/1/16, , 44
2022/1/17, , 250
2021/10/1, , 72
2021/10/2, , 72
2021/10/6, , 45
2021/10/7, , 37
2021/10/8, , 45
2021/10/9, , 42
2021/10/10, , 50
2021/10/11, , 50
2021/10/12, , 47
2021/10/13, , 48
2021/11/13, , 50
2021/11/14, , 25
2021/11/15, , 25
2021/11/16, , 17
2021/11/17, , 4
2021/11/18, , 4
2021/11/19, , 5
2021/11/20, , 28
2021/11/21, , 24
2021/11/22, , 17
2021/11/23, , 10
2021/11/24, , 31
2021/11/25, , 33
2021/11/26, , 31
2021/11/27, , 15
2021/11/28, , 13
2021/11/29, , 16
2021/11/30, , 31
2021/12/1, , 27
2021/12/2, , 20
2021/12/22, , 45
2021/12/23, , 42
2021/12/24, , 32
2021/12/25, , 41
2021/12/26, , 23
2021/12/27, , 27
2021/12/28, , 35
2021/12/29, , 22
2021/12/30, , 39
2021/12/31, , 49
2022/1/1, , 21
2022/1/2, , 21
2021/7/25, , 68
2021/8/14, , 49
2021/8/15, , 53
2021/4/1, , 29
2021/4/2, , 20
2021/4/3, , 41
2021/4/4, , 41
2021/4/5, , 46
2021/4/6, , 22
2021/4/7, , 21
2021/4/8, , 34
2021/4/9, , 31
2021/4/10, , 27
2021/4/11, , 45
2021/4/21, , 54
2021/4/22, , 47
2021/4/25, , 48
2021/5/28, , 56
2021/5/29, , 39
2021/5/30, , 46
2021/6/24, , 60
2021/6/25, , 63
2021/6/26, , 45
2021/6/27, , 55
2021/1/25, , 36
2021/1/26, , 22
2021/3/14, , 48
2021/3/15, , 47
2021/3/16, , 54
2021/3/29, , 39
2021/3/30, , 20
2021/3/31, , 16
2020/10/1, , 57
2020/10/2, , 57
2020/10/3, , 53
2020/10/4, , 57
2020/10/5, , 39
2020/10/6, , 45
2020/10/7, , 51
2020/10/8, , 53
2020/10/9, , 45
2020/10/21, , 55
2020/10/22, , 35
2020/10/23, , 27
2020/10/24, , 44
2020/10/25, , 41
2020/10/26, , 41
2020/10/27, , 41
2020/10/28, , 50
2020/10/29, , 50
2020/10/30, , 47
2020/10/31, , 38
2020/11/1, , 39
2020/11/2, , 25
2020/11/3, , 47
2020/11/4, , 50
2020/11/5, , 57
2020/11/6, , 68
2020/11/7, , 59
2020/11/8, , 61
2020/11/9, , 62
2020/11/10, , 64
2020/11/12, , 52
2020/11/13, , 46
2020/11/14, , 52
2020/11/15, , 48
2020/11/16, , 57
2020/11/17, , 57
2020/11/18, , 60
2020/11/19, , 65
2020/11/25, , 41
2020/12/22, , 27
2020/12/24, , 35
2020/12/25, , 20
2020/12/26, , 22
2020/12/27, , 23
2020/12/28, , 27
2020/12/29, , 18
2020/7/1, , 50
2020/7/2, , 57
2020/7/3, , 62
2020/7/4, , 59
2020/7/5, , 59
2020/7/6, , 56
2020/7/7, , 46
2020/7/8, , 57
2020/7/9, , 51
2020/7/10, , 62
2020/7/11, , 56
2020/7/12, , 57
2020/7/13, , 60
2020/7/14, , 62
2020/7/15, , 43
2020/7/16, , 45
2020/7/17, , 54
2020/7/18, , 55
2020/7/19, , 63
2020/7/20, , 61
2020/7/21, , 53
2020/7/22, , 55
2020/7/23, , 55
2020/7/24, , 56
2020/7/25, , 62
2020/7/27, , 61
2020/7/28, , 67
2020/7/29, , 70
2020/7/30, , 56
2020/7/31, , 42
2020/8/1, , 59
2020/8/2, , 66
2020/8/3, , 69
2020/8/4, , 69
2020/8/5, , 60
2020/8/6, , 64
2020/8/8, , 53
2020/8/9, , 46
2020/9/15, , 57
2020/9/16, , 56
2020/9/17, , 61
2020/9/18, , 57
2020/9/19, , 64
2020/9/20, , 38
2020/9/21, , 43
2020/9/22, , 40
2020/9/23, , 52
2020/9/24, , 53
2020/9/25, , 62
2020/9/26, , 74
2020/9/27, , 56
2020/9/28, , 52
2020/9/29, , 54
2020/9/30, , 53
2020/4/18, , 51
2020/4/21, , 50
2020/4/25, , 41
2020/4/27, , 40
2020/4/28, , 44
2020/4/29, , 51
2020/4/30, , 46
2020/5/1, , 38
2020/5/2, , 41
2020/5/3, , 41
2020/5/4, , 36
2020/5/5, , 37
2020/5/6, , 47
2020/5/7, , 55
2020/5/8, , 44
2020/5/9, , 40
2020/5/10, , 37
2020/5/11, , 40
2020/5/12, , 46
2020/5/13, , 53
2020/5/14, , 51
2020/5/15, , 47
2020/5/16, , 55
2020/5/17, , 36
2020/5/18, , 31
2020/5/19, , 31
2020/5/20, , 25
2020/5/21, , 42
2020/5/22, , 30
2020/5/23, , 39
2020/5/26, , 32
2020/5/27, , 30
2020/5/28, , 46
2020/5/29, , 41
2020/5/30, , 33
2020/5/31, , 44
2020/6/2, , 36
2020/6/3, , 46
2020/6/4, , 59
2020/6/5, , 60
2020/6/7, , 52
2020/6/8, , 49
2020/6/9, , 63
2020/6/10, , 54
2020/6/11, , 43
2020/6/12, , 52
2020/6/13, , 55
2020/6/14, , 63
2020/6/15, , 56
2020/6/16, , 57
2020/6/17, , 55
2020/6/18, , 51
2020/6/19, , 58
2020/6/20, , 56
2020/6/21, , 60
2020/6/22, , 48
2020/6/23, , 49
2020/6/24, , 68
2020/6/25, , 68
2020/6/26, , 64
2020/6/27, , 65
2020/6/28, , 68
2020/6/29, , 73
2020/6/30, , 72
2020/1/1, , 14
2020/1/2, , 21
2020/1/3, , 30
2020/1/4, , 27
2020/1/5, , 26
2020/1/6, , 35
2020/1/7, , 29
2020/1/8, , 40
2020/1/9, , 27
2020/2/5, , 37
2020/3/10, , 24
2020/3/11, , 24
2019/10/5, , 51
2019/10/6, , 56
2019/10/21, , 64
2019/10/22, , 59
2019/10/23, , 64
2019/10/24, , 60
2019/10/25, , 70
2019/10/26, , 64
2019/10/27, , 51
2019/10/28, , 58
2019/10/29, , 62
2019/10/30, , 53
2019/10/31, , 45
2019/11/1, , 42
2019/11/2, , 39
2019/11/3, , 39
2019/11/4, , 53
2019/11/5, , 55
2019/11/6, , 60
2019/11/7, , 70
2019/11/8, , 53
2019/11/9, , 67
2019/11/10, , 55
2019/11/11, , 64
2019/11/12, , 66
2019/11/13, , 59
2019/11/14, , 60
2019/11/15, , 53
2019/11/16, , 55
2019/11/17, , 58
2019/11/18, , 43
2019/11/19, , 50
2019/11/20, , 54
2019/11/21, , 54
2019/11/22, , 65
2019/11/23, , 60
2019/11/24, , 68
2019/11/25, , 54
2019/11/26, , 52
2019/11/27, , 51
2019/11/28, , 48
2019/11/29, , 34
2019/11/30, , 48
2019/12/1, , 46
2019/12/2, , 54
2019/12/18, , 27
2019/12/21, , 46
2019/12/22, , 47
2019/12/27, , 30
2019/12/28, , 35
2019/6/30, , 61
2019/7/16, , 66
2019/7/17, , 64
2019/7/18, , 58
2019/7/30, , 62
2019/7/31, , 57
2019/8/1, , 65
2019/8/2, , 74
2019/8/3, , 59
2019/8/4, , 53
2019/8/5, , 54
2019/8/6, , 60
2019/8/18, , 68
2019/8/31, , 61
2019/9/15, , 56
2019/9/21, , 66
2019/2/25, , 68
2018/10/7, , 63
2018/10/18, , 52
2018/10/19, , 54
2018/10/22, , 32
2018/10/23, , 59
2018/10/24, , 59
2018/10/25, , 52
2018/10/26, , 51
2018/10/27, , 31
2018/10/28, , 30
2018/11/8, , 51
2018/11/13, , 12
2018/11/14, , 16
2018/11/15, , 55
2018/11/16, , 51
2018/11/17, , 56
2018/11/18, , 63
2018/11/19, , 45
2018/11/20, , 74
2018/11/21, , 69
2018/11/22, , 62
2018/11/23, , 70
2018/11/24, , 53
2018/11/25, , 88
2018/7/1, , 83
2018/8/12, , 58
2018/8/29, , 64
2018/8/30, , 60
2018/9/25, , 83
2018/4/1, , 24
2018/4/2, , 31
2018/4/3, , 31
2018/4/4, , 26
2018/4/5, , 67
2018/4/6, , 43
2018/4/7, , 209
2018/4/8, , 27
2018/4/9, , 34
2018/4/10, , 51
2018/4/11, , 62
2018/4/12, , 64
2018/4/13, , 42
2018/4/14, , 55
2018/4/16, , 53
2018/4/17, , 40
2018/4/20, , 53
2018/4/21, , 78
2018/4/24, , 51
2018/4/25, , 60
2018/4/26, , 64
2018/4/27, , 42
2018/5/1, , 83
2018/5/2, , 71
2018/5/12, , 68
2018/5/14, , 79
2018/5/15, , 82
2018/5/16, , 71
2018/5/17, , 58
2018/5/27, , 60
2018/5/28, , 69
2018/5/29, , 70
2018/5/30, , 68
2018/5/31, , 67
2018/6/1, , 60
2018/6/2, , 100
2018/6/4, , 65
2018/6/5, , 64
2018/6/6, , 60
2018/6/7, , 64
2018/6/8, , 54
2018/6/9, , 72
2018/6/10, , 65
2018/6/11, , 73
2018/6/21, , 42
2018/1/1, , 15
2018/1/2, , 14
2018/1/3, , 27
2018/1/4, , 18
2018/1/5, , 16
2018/1/9, , 19
2018/1/10, , 20
2018/1/11, , 24
2018/1/16, , 29
2018/1/17, , 17
2018/1/18, , 29
2018/1/20, , 53
2018/1/24, , 1
2018/1/25, , 12
2018/1/26, , 33
2018/1/31, , 33
2018/2/1, , 29
2018/2/2, , 20
2018/2/3, , 18
2018/2/5, , 10
2018/2/8, , 23
2018/2/10, , 38
2018/2/11, , 31
2018/2/12, , 40
2018/2/13, , 38
2018/2/14, , 46
2018/2/18, , 26
2018/2/20, , 37
2018/2/23, , 4
2018/2/26, , 23
2018/3/2, , 15
2018/3/4, , 39
2018/3/11, , 11
2018/3/12, , 17
2018/3/14, , 27
2018/3/30, , 41
2018/3/31, , 28
2017/10/2, , 91
2017/10/3, , 38
2017/10/4, , 21
2017/10/5, , 32
2017/10/6, , 66
2017/10/7, , 8
2017/10/13, , 77
2017/10/14, , 26
2017/10/17, , 55
2017/10/18, , 30
2017/11/21, , 9
2017/11/24, , 21
2017/11/28, , 17
2017/12/1, , 35
2017/12/2, , 64
2017/12/4, , 31
2017/12/5, , 27
2017/12/6, , 14
2017/12/7, , 63
2017/12/8, , 31
2017/12/13, , 8
2017/12/19, , 44
2017/12/22, , 37
2017/12/23, , 18
2017/12/27, , 20
2017/12/29, , 3
2017/9/12, , 33
2017/9/13, , 31
2017/9/15, , 25
2017/9/16, , 124
2017/9/17, , 58
2017/9/19, , 28
2017/9/21, , 40
2017/9/22, , 32
2017/9/24, , 113
2017/9/25, , 17
2017/9/26, , 7
2017/9/27, , 71
2017/9/28, , 32
2017/9/29, , 21
2017/9/30, , 90
2017/1/2, , 35
2017/1/3, , 37
2017/1/4, , 28
2017/1/5, , 36
2017/1/6, , 42
2017/1/7, , 42
2017/1/8, , 47
2017/1/9, , 40
2017/1/17, , 27
2017/1/18, , 39
2017/1/19, , 35
2017/1/20, , 30
2017/1/23, , 29
2017/1/31, , 27
2017/2/1, , 44
2017/2/2, , 45
2017/2/4, , 25
2017/2/5, , 21
2017/2/6, , 18
2017/2/7, , 34
2017/2/8, , 27
2017/2/9, , 32
2017/2/10, , 28
2017/2/11, , 30
2017/2/12, , 32
2017/2/13, , 29
2017/2/14, , 30
2017/2/15, , 21
2017/2/16, , 30
2017/2/20, , 23
2017/2/21, , 30
2017/2/22, , 52
2017/2/23, , 56
2017/2/24, , 53
2017/3/1, , 74
2017/3/2, , 42
2017/3/3, , 92
2017/3/4, , 31
2017/3/5, , 40
2017/3/6, , 46
2017/3/7, , 29
2017/3/8, , 36
2017/3/9, , 57
2017/3/10, , 56
2017/3/11, , 71
2017/3/13, , 45
2017/3/14, , 66
2017/3/15, , 25
2017/3/16, , 50
2017/3/17, , 72
2017/3/18, , 31
2017/3/19, , 58
2017/3/20, , 24
2017/3/24, , 68
2017/3/25, , 42
2017/3/26, , 52
2017/3/27, , 41
2017/3/28, , 60
2017/3/29, , 59
2016/10/3, , 56
2016/10/4, , 73
2016/10/5, , 77
2016/10/6, , 64
2016/10/7, , 63
2016/10/8, , 52
2016/10/9, , 59
2016/10/10, , 56
2016/10/19, , 56
2016/10/20, , 74
2016/10/21, , 77
2016/10/26, , 32
2016/10/27, , 46
2016/10/28, , 67
2016/12/9, , 47
2016/12/10, , 40
2016/12/11, , 38
2016/12/12, , 45
2016/12/13, , 46
2016/12/14, , 44
2016/12/16, , 53
2016/12/17, , 57
2016/12/18, , 46
2016/12/19, , 43
2016/12/20, , 39
2016/12/21, , 42
2016/12/22, , 40
2016/12/23, , 38
2016/12/24, , 33
2016/12/25, , 41
2016/12/26, , 53
2016/12/27, , 38
2016/12/28, , 58
2016/12/29, , 39
2016/12/30, , 60
2017/1/1, , 54
2016/8/16, , 62
2016/8/17, , 100
2016/8/18, , 56
2016/8/19, , 66
2016/8/20, , 67
2016/8/21, , 73
2016/8/22, , 53
2016/8/23, , 54
2016/8/24, , 50
2016/8/25, , 79
2016/8/26, , 72
2016/9/5, , 39
2016/9/13, , 98
2016/9/14, , 64
2016/9/15, , 73
2016/9/16, , 82
2016/9/17, , 60
2016/9/18, , 63
2016/9/19, , 66
2016/9/20, , 60
2016/9/21, , 48
2016/9/22, , 49
2016/9/23, , 45
2016/9/24, , 59
2016/9/25, , 90
2016/9/26, , 34
2016/9/27, , 82
2016/9/28, , 56
2016/6/28, , 33
2016/6/29, , 70
2016/6/30, , 68
2016/1/5, , 77
2016/1/6, , 83
2016/1/18, , 86
2016/1/19, , 65
2016/1/20, , 55
2016/1/21, , 54
2016/1/22, , 57
2016/1/23, , 50
2016/1/24, , 49
2016/1/25, , 43
2016/1/26, , 56
2016/1/27, , 74
2016/1/28, , 65
2016/1/29, , 62
2016/1/30, , 63
2016/2/1, , 43
2016/2/2, , 50
2016/2/3, , 49
2016/2/4, , 55
2016/2/5, , 52
2016/2/6, , 66
2016/2/7, , 51
2016/2/8, , 40
2016/2/9, , 34
2016/2/10, , 45
2016/2/11, , 48
2016/2/12, , 49
2016/2/13, , 70
2016/2/14, , 63
2016/2/15, , 58
2016/2/18, , 59
2016/2/24, , 63
2016/2/25, , 36
2016/2/26, , 29
2015/10/6, , 99
2015/10/7, , 83
2015/10/8, , 86
2015/10/9, , 75
2015/10/10, , 103
2015/10/11, , 78
2015/10/14, , 77
2015/10/15, , 108
2015/10/16, , 66
2015/10/17, , 105
2015/10/18, , 92
2015/10/19, , 90
2015/10/20, , 93
2015/10/21, , 105
2015/10/22, , 65
2015/10/26, , 89
2015/10/28, , 81
2015/10/29, , 88
2015/10/31, , 87
2015/12/3, , 80
2015/12/11, , 64
2015/12/15, , 37
2015/12/28, , 58
2015/12/30, , 43
2015/7/16, , 62
2015/7/17, , 63
2015/7/18, , 60
2015/7/19, , 60
2015/7/20, , 59
2015/7/21, , 61
2015/7/22, , 65
2015/7/23, , 71
2015/7/24, , 69
2015/7/25, , 75
2015/7/26, , 71
2015/7/27, , 60
2015/7/28, , 65
2015/7/29, , 66
2015/7/30, , 75
2015/7/31, , 70
2015/8/3, , 64
2015/8/4, , 85
2015/8/5, , 92
2015/8/6, , 76
2015/8/7, , 68
2015/8/10, , 79
2015/8/12, , 68
2015/8/14, , 68
2015/8/20, , 80
2015/8/23, , 80
2015/8/24, , 85
2015/8/25, , 84
2015/8/26, , 77
2015/8/27, , 91
2015/8/28, , 83
2015/9/1, , 79
2015/9/2, , 88
2015/9/3, , 98
2015/9/4, , 81
2015/9/8, , 77
2015/9/9, , 75
2015/9/10, , 87
2015/9/11, , 83
2015/9/12, , 86
2015/9/13, , 80
2015/9/14, , 68
2015/9/15, , 104
2015/9/16, , 81
2015/9/17, , 93
2015/9/18, , 86
2015/9/19, , 86